total_return_pct,annualized_return_pct,annualized_vol_pct,sharpe_ratio,max_drawdown_pct
465.02119373369214,42.18014832437789,56.809408328603276,0.7424852601948395,-78.55889265148285
