total_return_pct,annualized_return_pct,annualized_vol_pct,sharpe_ratio,max_drawdown_pct
142.7106478109359,19.745716768300436,48.946427272943076,0.4034148735349189,-66.88846366119846
